location,threshold_hours,reserve_fraction,forecast_error_std,coldstart_count,lost_production_hours,methane_output_kwh,bess_deep_discharge,curtailed_kwh,reactor_warm_fraction_pct,reserve_active_hours
sevilla,12,0.1,0.0,25,258,435856.17815982393,41,6.07403419734209,44.42922374429224,642
sevilla,12,0.15,0.0,17,163,439347.47432650294,38,7.16894839447253,44.954337899543376,740
sevilla,12,0.2,0.0,9,96,443454.9067484286,24,3.007260471396542,45.445205479452056,735
sevilla,12,0.25,0.0,7,78,444254.21704847366,14,5.4494104040290665,45.54794520547945,747
sevilla,12,0.3,0.0,1,12,445957.144938515,4,0.0,45.93607305936073,780
sevilla,12,0.4,0.0,1,8,445112.39485892357,1,0.0,45.93607305936073,854
sevilla,24,0.1,0.0,12,127,442096.6980684371,26,0.0,45.25114155251141,607
sevilla,24,0.15,0.0,6,63,444920.42943979095,15,18.48383466174586,45.62785388127854,652
sevilla,24,0.2,0.0,1,8,446541.5102631164,3,0.0,45.93607305936073,659
sevilla,24,0.25,0.0,0,0,446967.90928294923,1,1.0657589107022076,45.99315068493151,647
sevilla,24,0.3,0.0,0,0,446635.1722842562,1,0.0,45.99315068493151,729
sevilla,24,0.4,0.0,0,0,444755.15524267487,0,0.0,45.99315068493151,761
sevilla,36,0.1,0.0,11,110,442401.9767932252,22,0.0,45.30821917808219,607
sevilla,36,0.15,0.0,4,37,445879.9263304378,10,0.0,45.742009132420094,625
sevilla,36,0.2,0.0,0,0,447170.24628211383,2,0.0,45.99315068493151,625
sevilla,36,0.25,0.0,0,0,446812.6098262458,0,0.0,45.99315068493151,663
sevilla,36,0.3,0.0,0,0,446400.805338661,0,0.0,45.99315068493151,766
sevilla,36,0.4,0.0,0,0,444523.9419621424,0,0.0,45.99315068493151,810
sevilla,48,0.1,0.0,9,75,442388.81627214764,18,0.0,45.445205479452056,594
sevilla,48,0.15,0.0,1,6,446906.48714533326,8,0.0,45.93607305936073,591
sevilla,48,0.2,0.0,0,0,446971.0312570464,2,0.0,45.99315068493151,621
sevilla,48,0.25,0.0,0,0,446625.22704759915,0,0.0,45.99315068493151,664
sevilla,48,0.3,0.0,0,0,446328.9222510005,0,0.0,45.99315068493151,760
sevilla,48,0.4,0.0,0,0,444173.22351262375,0,0.0,45.99315068493151,825
sevilla,72,0.1,0.0,9,75,442388.81627214764,18,0.0,45.445205479452056,603
sevilla,72,0.15,0.0,1,6,446991.5586505673,8,0.0,45.93607305936073,604
sevilla,72,0.2,0.0,0,0,446974.95662166213,2,0.0,45.99315068493151,632
sevilla,72,0.25,0.0,0,0,446634.8853517001,0,0.0,45.99315068493151,670
sevilla,72,0.3,0.0,0,0,446213.1380241777,0,0.0,45.99315068493151,751
sevilla,72,0.4,0.0,0,0,444022.41452993976,0,0.0,45.99315068493151,826
sevilla,12,0.1,0.1,26,335,436937.256056942,42,23.966535561346895,44.417808219178085,460
sevilla,12,0.15,0.1,28,341,435317.4539736335,49,6.282069382334683,44.24657534246575,585
sevilla,12,0.2,0.1,30,317,433192.3959070413,44,6.657689615621038,44.166666666666664,680
sevilla,12,0.25,0.1,22,239,437719.3505635328,40,1.1597632244023544,44.63470319634703,664
sevilla,12,0.3,0.1,13,137,441641.4685820886,27,1.1990630908342936,45.21689497716895,660
sevilla,12,0.4,0.1,5,39,443144.13133242505,11,0.0,45.70776255707762,761
sevilla,24,0.1,0.1,26,339,436660.20972154534,41,13.48260224493724,44.39497716894977,468
sevilla,24,0.15,0.1,24,294,437672.8077589917,44,4.1694693699108,44.52054794520548,544
sevilla,24,0.2,0.1,28,294,434015.57406663895,44,7.108339836104818,44.269406392694066,678
sevilla,24,0.25,0.1,21,220,437732.62959014997,36,16.15406253572563,44.69178082191781,671
sevilla,24,0.3,0.1,11,122,442403.49406213313,26,1.1990630908342936,45.3310502283105,633
sevilla,24,0.4,0.1,4,33,443778.3371860305,11,0.0,45.764840182648406,772
sevilla,36,0.1,0.1,26,339,436660.20972154534,41,13.48260224493724,44.39497716894977,468
sevilla,36,0.15,0.1,24,294,437672.8077589917,44,4.1694693699108,44.52054794520548,546
sevilla,36,0.2,0.1,28,294,434015.57406663895,44,7.108339836104818,44.269406392694066,682
sevilla,36,0.25,0.1,21,220,437732.62959014997,36,16.15406253572563,44.69178082191781,671
sevilla,36,0.3,0.1,11,122,442403.49406213313,26,1.1990630908342936,45.3310502283105,633
sevilla,36,0.4,0.1,4,33,443778.3371860305,11,0.0,45.764840182648406,776
sevilla,48,0.1,0.1,26,339,436660.20972154534,41,13.48260224493724,44.39497716894977,468
sevilla,48,0.15,0.1,24,294,437672.8077589917,44,4.1694693699108,44.52054794520548,546
sevilla,48,0.2,0.1,28,294,434015.57406663895,44,7.108339836104818,44.269406392694066,682
sevilla,48,0.25,0.1,21,220,437732.62959014997,36,16.15406253572563,44.69178082191781,671
sevilla,48,0.3,0.1,11,122,442403.49406213313,26,1.1990630908342936,45.3310502283105,633
sevilla,48,0.4,0.1,4,33,443778.3371860305,11,0.0,45.764840182648406,776
sevilla,72,0.1,0.1,26,339,436660.20972154534,41,13.48260224493724,44.39497716894977,468
sevilla,72,0.15,0.1,24,294,437672.8077589917,44,4.1694693699108,44.52054794520548,546
sevilla,72,0.2,0.1,28,294,434015.57406663895,44,7.108339836104818,44.269406392694066,682
sevilla,72,0.25,0.1,21,220,437732.62959014997,36,16.15406253572563,44.69178082191781,671
sevilla,72,0.3,0.1,11,122,442403.49406213313,26,1.1990630908342936,45.3310502283105,633
sevilla,72,0.4,0.1,4,33,443778.3371860305,11,0.0,45.764840182648406,776
sevilla,12,0.1,0.2,26,332,436307.1087000074,39,3.0507422539958995,44.37214611872146,380
sevilla,12,0.15,0.2,23,284,437041.715968962,37,9.258465087838282,44.554794520547944,435
sevilla,12,0.2,0.2,27,300,435091.23334139015,40,18.75547105413515,44.337899543378995,559
sevilla,12,0.25,0.2,15,176,440058.70700888144,33,3.9623852570430955,45.02283105022831,554
sevilla,12,0.3,0.2,12,145,440854.00873664743,28,19.09153229667779,45.182648401826484,596
sevilla,12,0.4,0.2,4,40,442980.01092661207,10,0.0,45.742009132420094,643
sevilla,24,0.1,0.2,25,324,436684.87824149046,38,3.0507422539958995,44.44063926940639,377
sevilla,24,0.15,0.2,23,283,437041.715968962,37,9.258465087838282,44.554794520547944,434
sevilla,24,0.2,0.2,24,266,436506.4862558113,38,14.163178103749814,44.509132420091326,535
sevilla,24,0.25,0.2,15,177,440046.55442177295,32,3.9623852570430955,45.02283105022831,552
sevilla,24,0.3,0.2,13,152,440102.75609186204,29,19.09153229667779,45.114155251141554,613
sevilla,24,0.4,0.2,4,40,442813.86518421373,10,0.0,45.742009132420094,641
sevilla,36,0.1,0.2,25,324,436684.87824149046,38,3.0507422539958995,44.44063926940639,377
sevilla,36,0.15,0.2,23,283,437041.715968962,37,9.258465087838282,44.554794520547944,434
sevilla,36,0.2,0.2,24,266,436506.4862558113,38,14.163178103749814,44.509132420091326,536
sevilla,36,0.25,0.2,15,177,440046.55442177295,32,3.9623852570430955,45.02283105022831,552
sevilla,36,0.3,0.2,13,152,440102.75609186204,29,19.09153229667779,45.114155251141554,613
sevilla,36,0.4,0.2,4,40,442813.86518421373,10,0.0,45.742009132420094,641
sevilla,48,0.1,0.2,25,324,436684.87824149046,38,3.0507422539958995,44.44063926940639,377
sevilla,48,0.15,0.2,23,283,437041.715968962,37,9.258465087838282,44.554794520547944,434
sevilla,48,0.2,0.2,24,266,436506.4862558113,38,14.163178103749814,44.509132420091326,536
sevilla,48,0.25,0.2,15,177,440046.55442177295,32,3.9623852570430955,45.02283105022831,552
sevilla,48,0.3,0.2,13,152,440102.75609186204,29,19.09153229667779,45.114155251141554,613
sevilla,48,0.4,0.2,4,40,442813.86518421373,10,0.0,45.742009132420094,641
sevilla,72,0.1,0.2,25,324,436684.87824149046,38,3.0507422539958995,44.44063926940639,377
sevilla,72,0.15,0.2,23,283,437041.715968962,37,9.258465087838282,44.554794520547944,434
sevilla,72,0.2,0.2,24,266,436506.4862558113,38,14.163178103749814,44.509132420091326,536
sevilla,72,0.25,0.2,15,177,440046.55442177295,32,3.9623852570430955,45.02283105022831,552
sevilla,72,0.3,0.2,13,152,440102.75609186204,29,19.09153229667779,45.114155251141554,613
sevilla,72,0.4,0.2,4,40,442813.86518421373,10,0.0,45.742009132420094,641
sevilla,12,0.1,0.4,24,336,437378.4315245861,38,14.758185757074372,44.49771689497717,321
sevilla,12,0.15,0.4,22,305,437622.0233823421,32,5.689538851021126,44.577625570776256,398
sevilla,12,0.2,0.4,23,293,436357.4151755301,34,2.0145112001842307,44.509132420091326,458
sevilla,12,0.25,0.4,19,238,438211.49760006584,33,0.21428082556562345,44.74885844748858,490
sevilla,12,0.3,0.4,17,207,438554.8477427985,30,10.201708533991749,44.88584474885845,567
sevilla,12,0.4,0.4,9,100,440777.9627456963,17,0.0,45.422374429223744,605
sevilla,24,0.1,0.4,24,336,437378.4315245861,38,14.758185757074372,44.49771689497717,321
sevilla,24,0.15,0.4,22,305,437622.0233823421,32,5.689538851021126,44.577625570776256,398
sevilla,24,0.2,0.4,23,293,436357.4151755301,34,2.0145112001842307,44.509132420091326,459
sevilla,24,0.25,0.4,19,238,438211.49760006584,33,0.21428082556562345,44.74885844748858,490
sevilla,24,0.3,0.4,17,207,438554.8477427985,30,10.201708533991749,44.88584474885845,568
sevilla,24,0.4,0.4,9,100,440777.9627456963,17,0.0,45.422374429223744,605
sevilla,36,0.1,0.4,24,336,437378.4315245861,38,14.758185757074372,44.49771689497717,321
sevilla,36,0.15,0.4,22,305,437622.0233823421,32,5.689538851021126,44.577625570776256,398
sevilla,36,0.2,0.4,23,293,436357.4151755301,34,2.0145112001842307,44.509132420091326,459
sevilla,36,0.25,0.4,19,238,438211.49760006584,33,0.21428082556562345,44.74885844748858,490
sevilla,36,0.3,0.4,17,207,438554.8477427985,30,10.201708533991749,44.88584474885845,568
sevilla,36,0.4,0.4,9,100,440777.9627456963,17,0.0,45.422374429223744,605
sevilla,48,0.1,0.4,24,336,437378.4315245861,38,14.758185757074372,44.49771689497717,321
sevilla,48,0.15,0.4,22,305,437622.0233823421,32,5.689538851021126,44.577625570776256,398
sevilla,48,0.2,0.4,23,293,436357.4151755301,34,2.0145112001842307,44.509132420091326,459
sevilla,48,0.25,0.4,19,238,438211.49760006584,33,0.21428082556562345,44.74885844748858,490
sevilla,48,0.3,0.4,17,207,438554.8477427985,30,10.201708533991749,44.88584474885845,568
sevilla,48,0.4,0.4,9,100,440777.9627456963,17,0.0,45.422374429223744,605
sevilla,72,0.1,0.4,24,336,437378.4315245861,38,14.758185757074372,44.49771689497717,321
sevilla,72,0.15,0.4,22,305,437622.0233823421,32,5.689538851021126,44.577625570776256,398
sevilla,72,0.2,0.4,23,293,436357.4151755301,34,2.0145112001842307,44.509132420091326,459
sevilla,72,0.25,0.4,19,238,438211.49760006584,33,0.21428082556562345,44.74885844748858,490
sevilla,72,0.3,0.4,17,207,438554.8477427985,30,10.201708533991749,44.88584474885845,568
sevilla,72,0.4,0.4,9,100,440777.9627456963,17,0.0,45.422374429223744,605
morocco,12,0.1,0.0,0,0,488186.1281162812,0,0.0,46.57534246575342,22
morocco,12,0.15,0.0,0,0,488134.72277389036,0,0.0,46.57534246575342,40
morocco,12,0.2,0.0,0,0,488049.2258899243,0,0.0,46.57534246575342,58
morocco,12,0.25,0.0,0,0,487937.5601896278,0,0.0,46.57534246575342,64
morocco,12,0.3,0.0,0,0,487792.52316685684,0,0.0,46.57534246575342,93
morocco,12,0.4,0.0,0,0,487557.41578964394,0,0.0,46.57534246575342,130
morocco,24,0.1,0.0,0,0,488186.1281162812,0,0.0,46.57534246575342,20
morocco,24,0.15,0.0,0,0,488169.13994669286,0,0.0,46.57534246575342,36
morocco,24,0.2,0.0,0,0,488070.4910226302,0,0.0,46.57534246575342,41
morocco,24,0.25,0.0,0,0,488012.0550449982,0,0.0,46.57534246575342,50
morocco,24,0.3,0.0,0,0,487940.0136514589,0,0.0,46.57534246575342,73
morocco,24,0.4,0.0,0,0,487616.63036524743,0,0.0,46.57534246575342,115
morocco,36,0.1,0.0,0,0,488186.1281162812,0,0.0,46.57534246575342,20
morocco,36,0.15,0.0,0,0,488169.13994669286,0,0.0,46.57534246575342,36
morocco,36,0.2,0.0,0,0,488070.4910226302,0,0.0,46.57534246575342,41
morocco,36,0.25,0.0,0,0,488012.0550449982,0,0.0,46.57534246575342,50
morocco,36,0.3,0.0,0,0,487940.0136514589,0,0.0,46.57534246575342,73
morocco,36,0.4,0.0,0,0,487616.63036524743,0,0.0,46.57534246575342,115
morocco,48,0.1,0.0,0,0,488186.1281162812,0,0.0,46.57534246575342,20
morocco,48,0.15,0.0,0,0,488169.13994669286,0,0.0,46.57534246575342,36
morocco,48,0.2,0.0,0,0,488070.4910226302,0,0.0,46.57534246575342,41
morocco,48,0.25,0.0,0,0,488012.0550449982,0,0.0,46.57534246575342,50
morocco,48,0.3,0.0,0,0,487940.0136514589,0,0.0,46.57534246575342,73
morocco,48,0.4,0.0,0,0,487616.63036524743,0,0.0,46.57534246575342,115
morocco,72,0.1,0.0,0,0,488186.1281162812,0,0.0,46.57534246575342,20
morocco,72,0.15,0.0,0,0,488169.13994669286,0,0.0,46.57534246575342,36
morocco,72,0.2,0.0,0,0,488070.4910226302,0,0.0,46.57534246575342,41
morocco,72,0.25,0.0,0,0,488012.0550449982,0,0.0,46.57534246575342,50
morocco,72,0.3,0.0,0,0,487940.0136514589,0,0.0,46.57534246575342,73
morocco,72,0.4,0.0,0,0,487616.63036524743,0,0.0,46.57534246575342,115
morocco,12,0.1,0.1,0,0,488100.63123231527,0,0.0,46.57534246575342,8
morocco,12,0.15,0.1,0,0,488049.2258899243,0,0.0,46.57534246575342,18
morocco,12,0.2,0.1,0,0,488049.2258899243,0,0.0,46.57534246575342,26
morocco,12,0.25,0.1,0,0,487972.7191995461,0,0.0,46.57534246575342,38
morocco,12,0.3,0.1,0,0,487688.4216334581,0,0.0,46.57534246575342,56
morocco,12,0.4,0.1,0,0,487579.3925859645,0,0.0,46.57534246575342,82
morocco,24,0.1,0.1,0,0,488100.63123231527,0,0.0,46.57534246575342,8
morocco,24,0.15,0.1,0,0,488049.2258899243,0,0.0,46.57534246575342,18
morocco,24,0.2,0.1,0,0,488049.2258899243,0,0.0,46.57534246575342,26
morocco,24,0.25,0.1,0,0,487972.7191995461,0,0.0,46.57534246575342,38
morocco,24,0.3,0.1,0,0,487688.4216334581,0,0.0,46.57534246575342,56
morocco,24,0.4,0.1,0,0,487554.97979477816,0,0.0,46.57534246575342,83
morocco,36,0.1,0.1,0,0,488100.63123231527,0,0.0,46.57534246575342,8
morocco,36,0.15,0.1,0,0,488049.2258899243,0,0.0,46.57534246575342,18
morocco,36,0.2,0.1,0,0,488049.2258899243,0,0.0,46.57534246575342,26
morocco,36,0.25,0.1,0,0,487972.7191995461,0,0.0,46.57534246575342,38
morocco,36,0.3,0.1,0,0,487688.4216334581,0,0.0,46.57534246575342,56
morocco,36,0.4,0.1,0,0,487554.97979477816,0,0.0,46.57534246575342,83
morocco,48,0.1,0.1,0,0,488100.63123231527,0,0.0,46.57534246575342,8
morocco,48,0.15,0.1,0,0,488049.2258899243,0,0.0,46.57534246575342,18
morocco,48,0.2,0.1,0,0,488049.2258899243,0,0.0,46.57534246575342,26
morocco,48,0.25,0.1,0,0,487972.7191995461,0,0.0,46.57534246575342,38
morocco,48,0.3,0.1,0,0,487688.4216334581,0,0.0,46.57534246575342,56
morocco,48,0.4,0.1,0,0,487554.97979477816,0,0.0,46.57534246575342,83
morocco,72,0.1,0.1,0,0,488100.63123231527,0,0.0,46.57534246575342,8
morocco,72,0.15,0.1,0,0,488049.2258899243,0,0.0,46.57534246575342,18
morocco,72,0.2,0.1,0,0,488049.2258899243,0,0.0,46.57534246575342,26
morocco,72,0.25,0.1,0,0,487972.7191995461,0,0.0,46.57534246575342,38
morocco,72,0.3,0.1,0,0,487688.4216334581,0,0.0,46.57534246575342,56
morocco,72,0.4,0.1,0,0,487554.97979477816,0,0.0,46.57534246575342,83
morocco,12,0.1,0.2,0,0,488040.04524318245,0,0.0,46.57534246575342,6
morocco,12,0.15,0.2,0,0,487954.5483592163,0,0.0,46.57534246575342,18
morocco,12,0.2,0.2,0,0,487954.5483592163,0,0.0,46.57534246575342,25
morocco,12,0.25,0.2,0,0,487803.7393765323,0,0.0,46.57534246575342,40
morocco,12,0.3,0.2,0,0,487579.3925859645,0,0.0,46.57534246575342,50
morocco,12,0.4,0.2,0,0,487358.1347215983,0,0.0,46.57534246575342,78
morocco,24,0.1,0.2,0,0,488040.04524318245,0,0.0,46.57534246575342,6
morocco,24,0.15,0.2,0,0,487954.5483592163,0,0.0,46.57534246575342,18
morocco,24,0.2,0.2,0,0,487954.5483592163,0,0.0,46.57534246575342,25
morocco,24,0.25,0.2,0,0,487803.7393765323,0,0.0,46.57534246575342,40
morocco,24,0.3,0.2,0,0,487579.3925859645,0,0.0,46.57534246575342,50
morocco,24,0.4,0.2,0,0,487358.1347215983,0,0.0,46.57534246575342,79
morocco,36,0.1,0.2,0,0,488040.04524318245,0,0.0,46.57534246575342,6
morocco,36,0.15,0.2,0,0,487954.5483592163,0,0.0,46.57534246575342,18
morocco,36,0.2,0.2,0,0,487954.5483592163,0,0.0,46.57534246575342,25
morocco,36,0.25,0.2,0,0,487803.7393765323,0,0.0,46.57534246575342,40
morocco,36,0.3,0.2,0,0,487579.3925859645,0,0.0,46.57534246575342,50
morocco,36,0.4,0.2,0,0,487358.1347215983,0,0.0,46.57534246575342,79
morocco,48,0.1,0.2,0,0,488040.04524318245,0,0.0,46.57534246575342,6
morocco,48,0.15,0.2,0,0,487954.5483592163,0,0.0,46.57534246575342,18
morocco,48,0.2,0.2,0,0,487954.5483592163,0,0.0,46.57534246575342,25
morocco,48,0.25,0.2,0,0,487803.7393765323,0,0.0,46.57534246575342,40
morocco,48,0.3,0.2,0,0,487579.3925859645,0,0.0,46.57534246575342,50
morocco,48,0.4,0.2,0,0,487358.1347215983,0,0.0,46.57534246575342,79
morocco,72,0.1,0.2,0,0,488040.04524318245,0,0.0,46.57534246575342,6
morocco,72,0.15,0.2,0,0,487954.5483592163,0,0.0,46.57534246575342,18
morocco,72,0.2,0.2,0,0,487954.5483592163,0,0.0,46.57534246575342,25
morocco,72,0.25,0.2,0,0,487803.7393765323,0,0.0,46.57534246575342,40
morocco,72,0.3,0.2,0,0,487579.3925859645,0,0.0,46.57534246575342,50
morocco,72,0.4,0.2,0,0,487358.1347215983,0,0.0,46.57534246575342,79
morocco,12,0.1,0.4,0,0,488005.95370160736,0,0.0,46.57534246575342,4
morocco,12,0.15,0.4,0,0,487929.4470112291,0,0.0,46.57534246575342,7
morocco,12,0.2,0.4,0,0,487778.6380285451,0,0.0,46.57534246575342,14
morocco,12,0.25,0.4,0,0,487673.668012728,0,0.0,46.57534246575342,19
morocco,12,0.3,0.4,0,0,487673.668012728,0,0.0,46.57534246575342,32
morocco,12,0.4,0.4,0,0,487053.6459165337,0,0.0,46.57534246575342,59
morocco,24,0.1,0.4,0,0,488005.95370160736,0,0.0,46.57534246575342,4
morocco,24,0.15,0.4,0,0,487929.4470112291,0,0.0,46.57534246575342,7
morocco,24,0.2,0.4,0,0,487778.6380285451,0,0.0,46.57534246575342,14
morocco,24,0.25,0.4,0,0,487673.668012728,0,0.0,46.57534246575342,19
morocco,24,0.3,0.4,0,0,487673.668012728,0,0.0,46.57534246575342,32
morocco,24,0.4,0.4,0,0,487053.6459165337,0,0.0,46.57534246575342,59
morocco,36,0.1,0.4,0,0,488005.95370160736,0,0.0,46.57534246575342,4
morocco,36,0.15,0.4,0,0,487929.4470112291,0,0.0,46.57534246575342,7
morocco,36,0.2,0.4,0,0,487778.6380285451,0,0.0,46.57534246575342,14
morocco,36,0.25,0.4,0,0,487673.668012728,0,0.0,46.57534246575342,19
morocco,36,0.3,0.4,0,0,487673.668012728,0,0.0,46.57534246575342,32
morocco,36,0.4,0.4,0,0,487053.6459165337,0,0.0,46.57534246575342,59
morocco,48,0.1,0.4,0,0,488005.95370160736,0,0.0,46.57534246575342,4
morocco,48,0.15,0.4,0,0,487929.4470112291,0,0.0,46.57534246575342,7
morocco,48,0.2,0.4,0,0,487778.6380285451,0,0.0,46.57534246575342,14
morocco,48,0.25,0.4,0,0,487673.668012728,0,0.0,46.57534246575342,19
morocco,48,0.3,0.4,0,0,487673.668012728,0,0.0,46.57534246575342,32
morocco,48,0.4,0.4,0,0,487053.6459165337,0,0.0,46.57534246575342,59
morocco,72,0.1,0.4,0,0,488005.95370160736,0,0.0,46.57534246575342,4
morocco,72,0.15,0.4,0,0,487929.4470112291,0,0.0,46.57534246575342,7
morocco,72,0.2,0.4,0,0,487778.6380285451,0,0.0,46.57534246575342,14
morocco,72,0.25,0.4,0,0,487673.668012728,0,0.0,46.57534246575342,19
morocco,72,0.3,0.4,0,0,487673.668012728,0,0.0,46.57534246575342,32
morocco,72,0.4,0.4,0,0,487053.6459165337,0,0.0,46.57534246575342,59
scotland,12,0.1,0.0,198,3051,198029.04070674372,281,161.4688790506075,30.11415525114155,4713
scotland,12,0.15,0.0,168,2757,210389.69386508618,243,150.8604497034259,32.0662100456621,4719
scotland,12,0.2,0.0,140,2422,221565.12490901933,197,114.93460143657708,33.89269406392694,4650
scotland,12,0.25,0.0,122,2203,226813.6469644071,159,58.60477351306245,34.76027397260274,4634
scotland,12,0.3,0.0,116,2037,229725.48184769115,149,67.99900490942042,35.26255707762557,4754
scotland,12,0.4,0.0,93,1712,233862.20876339093,114,28.150545444846905,36.40410958904109,4903
scotland,24,0.1,0.0,146,2358,217624.82369990856,211,109.4368479484749,33.58447488584475,4418
scotland,24,0.15,0.0,122,2082,225131.41446920283,178,92.16897270030745,34.90867579908676,4398
scotland,24,0.2,0.0,108,1933,229877.50519745727,134,83.30374659327504,35.593607305936075,4464
scotland,24,0.25,0.0,100,1824,232714.75204801082,122,59.699281669819584,36.02739726027397,4501
scotland,24,0.3,0.0,87,1625,235966.97512486615,108,37.81626019530276,36.74657534246575,4553
scotland,24,0.4,0.0,75,1423,239263.6653454265,94,81.76515048890745,37.47716894977169,4708
scotland,36,0.1,0.0,142,2253,220048.77972518923,206,106.7488537438028,33.9041095890411,4453
scotland,36,0.15,0.0,112,1974,228023.2813116362,147,73.930015687035,35.490867579908674,4439
scotland,36,0.2,0.0,106,1858,230076.99387625736,131,60.920572497341325,35.799086757990864,4494
scotland,36,0.25,0.0,82,1577,237959.279731908,102,85.04245849569534,37.04337899543379,4506
scotland,36,0.3,0.0,81,1526,238404.6450225208,98,66.31020546436598,37.20319634703196,4584
scotland,36,0.4,0.0,68,1334,240419.244142137,81,70.31946906092313,37.86529680365297,4758
scotland,48,0.1,0.0,123,2020,223994.32014115705,174,70.91343832109092,34.863013698630134,4358
scotland,48,0.15,0.0,106,1837,229282.97910067148,142,64.119862226437,35.7648401826484,4393
scotland,48,0.2,0.0,92,1658,234663.24751362044,113,90.56171832717236,36.609589041095894,4396
scotland,48,0.25,0.0,81,1514,237588.79095228916,103,73.41541589418898,37.19178082191781,4429
scotland,48,0.3,0.0,75,1422,236912.18758712633,99,71.96059022801593,37.51141552511415,4569
scotland,48,0.4,0.0,65,1277,237055.52169069552,79,64.77053854237269,38.025114155251146,4739
scotland,72,0.1,0.0,122,2012,223275.21847062325,170,77.6810554219395,34.885844748858446,4342
scotland,72,0.15,0.0,98,1756,231178.10219973538,129,62.37101631157503,36.118721461187214,4342
scotland,72,0.2,0.0,86,1556,235204.0512475887,111,74.8518513161416,36.99771689497717,4374
scotland,72,0.25,0.0,72,1372,237758.550530698,92,60.043832232611805,37.73972602739726,4403
scotland,72,0.3,0.0,71,1361,236732.06812921521,92,58.61639192214207,37.76255707762557,4558
scotland,72,0.4,0.0,64,1270,236081.81510854707,77,64.77274840331833,38.082191780821915,4769
scotland,12,0.1,0.1,230,3709,189933.8921163758,292,125.04301092423343,28.127853881278536,4364
scotland,12,0.15,0.1,214,3422,195736.75421332617,284,156.30888433990754,29.15525114155251,4524
scotland,12,0.2,0.1,201,3193,195973.96603466594,282,81.6654960365135,29.76027397260274,4697
scotland,12,0.25,0.1,183,2853,203877.65646576651,258,130.59486667760513,31.073059360730593,4650
scotland,12,0.3,0.1,149,2469,216620.8445157771,214,85.74784058337028,33.264840182648406,4534
scotland,12,0.4,0.1,109,1943,228149.9595201733,144,55.05358299420927,35.513698630136986,4523
scotland,24,0.1,0.1,222,3557,191706.7010291671,299,107.28433682908263,28.504566210045663,4394
scotland,24,0.15,0.1,210,3308,195112.92641310662,288,143.70508119298216,29.45205479452055,4533
scotland,24,0.2,0.1,197,3050,198794.0385715885,276,159.08113898353525,30.30821917808219,4664
scotland,24,0.25,0.1,160,2593,214432.13457606584,243,113.01096903256001,32.62557077625571,4463
scotland,24,0.3,0.1,134,2301,222594.5003981397,200,96.40938736575305,34.18949771689498,4438
scotland,24,0.4,0.1,106,1902,229331.26336925244,136,87.99511008663322,35.742009132420094,4551
scotland,36,0.1,0.1,224,3556,192083.458253959,302,133.71338685711973,28.447488584474883,4411
scotland,36,0.15,0.1,210,3292,194470.92874443263,290,172.00309176234313,29.406392694063925,4546
scotland,36,0.2,0.1,196,3002,200743.44038434833,272,177.53336940283202,30.525114155251142,4647
scotland,36,0.25,0.1,163,2591,213925.3584204949,241,147.19701700606583,32.55707762557078,4460
scotland,36,0.3,0.1,134,2290,222594.5003981397,201,84.46068678170394,34.18949771689498,4446
scotland,36,0.4,0.1,105,1884,229075.66998289354,134,96.49386759937991,35.77625570776256,4554
scotland,48,0.1,0.1,223,3548,192129.28670706457,301,134.0893242180389,28.527397260273972,4416
scotland,48,0.15,0.1,209,3286,194783.69588785287,291,175.31159719302104,29.429223744292237,4560
scotland,48,0.2,0.1,200,3045,197652.97664569877,276,162.36788900189754,30.171232876712327,4705
scotland,48,0.25,0.1,162,2577,213925.3584204949,243,148.16159756332513,32.59132420091324,4464
scotland,48,0.3,0.1,135,2293,222594.5003981397,202,80.67094162231442,34.14383561643836,4448
scotland,48,0.4,0.1,102,1855,229828.16597283893,135,101.30833647747487,35.89041095890411,4530
scotland,72,0.1,0.1,223,3540,192316.01228244402,298,145.81898962717113,28.538812785388128,4417
scotland,72,0.15,0.1,208,3270,194579.74313380467,289,152.02801883930954,29.45205479452055,4559
scotland,72,0.2,0.1,199,3032,197449.0238916506,274,142.98010377072723,30.19406392694064,4707
scotland,72,0.25,0.1,164,2576,214129.31117454305,242,156.7501336943538,32.55707762557078,4466
scotland,72,0.3,0.1,136,2295,222798.45315218784,201,103.06490692040366,34.12100456621005,4450
scotland,72,0.4,0.1,102,1855,229828.16597283893,135,101.30833647747487,35.89041095890411,4530
scotland,12,0.1,0.2,219,3670,197623.22500206289,272,161.39105005712224,28.869863013698634,3721
scotland,12,0.15,0.2,212,3457,197366.15125613837,281,155.9917794790824,29.337899543379,4102
scotland,12,0.2,0.2,190,3109,202294.80013118798,267,138.35333073330492,30.525114155251142,4193
scotland,12,0.25,0.2,169,2706,213592.30589270804,225,183.658559250447,32.294520547945204,4114
scotland,12,0.3,0.2,153,2507,218379.80763915472,206,60.954435836583094,33.230593607305934,4170
scotland,12,0.4,0.2,130,2170,220855.6732168871,170,76.08073126730162,34.30365296803653,4347
scotland,24,0.1,0.2,218,3679,197185.0285705345,272,178.28618708827244,28.82420091324201,3734
scotland,24,0.15,0.2,205,3404,199599.91203351165,275,116.43631620097223,29.62328767123288,4060
scotland,24,0.2,0.2,191,3094,202174.78672776942,264,157.20116544209395,30.502283105022833,4200
scotland,24,0.25,0.2,168,2700,213280.339666132,227,155.20328433393206,32.24885844748858,4132
scotland,24,0.3,0.2,151,2479,218238.2721345568,206,64.09299178911436,33.33333333333333,4171
scotland,24,0.4,0.2,124,2088,221807.8758503506,158,67.95173046615312,34.73744292237443,4316
scotland,36,0.1,0.2,218,3679,197185.0285705345,272,178.28618708827244,28.82420091324201,3734
scotland,36,0.15,0.2,205,3404,199599.91203351165,275,116.43631620097223,29.62328767123288,4060
scotland,36,0.2,0.2,191,3094,202174.78672776942,264,157.20116544209395,30.502283105022833,4200
scotland,36,0.25,0.2,168,2700,213280.339666132,227,155.20328433393206,32.24885844748858,4132
scotland,36,0.3,0.2,151,2479,218238.2721345568,206,64.09299178911436,33.33333333333333,4171
scotland,36,0.4,0.2,124,2088,221807.8758503506,158,67.95173046615312,34.73744292237443,4316
scotland,48,0.1,0.2,218,3679,197185.0285705345,272,178.28618708827244,28.82420091324201,3735
scotland,48,0.15,0.2,205,3404,199599.91203351165,275,116.43631620097223,29.62328767123288,4060
scotland,48,0.2,0.2,191,3094,202174.78672776942,264,157.20116544209395,30.502283105022833,4200
scotland,48,0.25,0.2,168,2700,213280.339666132,227,155.20328433393206,32.24885844748858,4132
scotland,48,0.3,0.2,151,2479,218238.2721345568,206,64.09299178911436,33.33333333333333,4171
scotland,48,0.4,0.2,124,2088,221807.8758503506,158,67.95173046615312,34.73744292237443,4316
scotland,72,0.1,0.2,218,3679,197185.0285705345,272,178.28618708827244,28.82420091324201,3735
scotland,72,0.15,0.2,205,3404,199599.91203351165,275,116.43631620097223,29.62328767123288,4060
scotland,72,0.2,0.2,191,3094,202174.78672776942,264,157.20116544209395,30.502283105022833,4200
scotland,72,0.25,0.2,168,2700,213280.339666132,227,155.20328433393206,32.24885844748858,4132
scotland,72,0.3,0.2,151,2479,218238.2721345568,206,64.09299178911436,33.33333333333333,4171
scotland,72,0.4,0.2,124,2088,221807.8758503506,158,67.95173046615312,34.73744292237443,4316
scotland,12,0.1,0.4,214,3513,197220.63833936508,271,197.44579789482077,29.292237442922374,2980
scotland,12,0.15,0.4,194,3224,203531.57139197015,249,132.11143193617164,30.433789954337897,3298
scotland,12,0.2,0.4,183,2957,205390.387232512,250,118.55445317667929,31.152968036529682,3508
scotland,12,0.25,0.4,165,2704,214355.90667724432,227,128.67535515949302,32.37442922374429,3652
scotland,12,0.3,0.4,142,2415,219374.1337576863,205,93.1707287176112,33.68721461187214,3712
scotland,12,0.4,0.4,114,2046,225023.06271673212,151,104.55613319195588,35.15981735159817,3880
scotland,24,0.1,0.4,213,3513,197220.63833936508,269,196.7001799776563,29.30365296803653,2980
scotland,24,0.15,0.4,194,3224,203531.57139197015,249,132.11143193617164,30.433789954337897,3300
scotland,24,0.2,0.4,183,2956,205243.35165707328,250,109.5449732109994,31.164383561643838,3514
scotland,24,0.25,0.4,165,2704,214355.90667724432,227,128.67535515949302,32.37442922374429,3653
scotland,24,0.3,0.4,142,2412,219374.1337576863,206,104.78523479882944,33.68721461187214,3714
scotland,24,0.4,0.4,114,2043,225023.06271673212,152,100.79601048973906,35.15981735159817,3881
scotland,36,0.1,0.4,213,3513,197220.63833936508,269,196.7001799776563,29.30365296803653,2980
scotland,36,0.15,0.4,194,3224,203531.57139197015,249,132.11143193617164,30.433789954337897,3300
scotland,36,0.2,0.4,183,2956,205243.35165707328,250,109.5449732109994,31.164383561643838,3514
scotland,36,0.25,0.4,165,2704,214355.90667724432,227,128.67535515949302,32.37442922374429,3653
scotland,36,0.3,0.4,142,2412,219374.1337576863,206,104.78523479882944,33.68721461187214,3714
scotland,36,0.4,0.4,114,2043,225023.06271673212,152,100.79601048973906,35.15981735159817,3881
scotland,48,0.1,0.4,213,3513,197220.63833936508,269,196.7001799776563,29.30365296803653,2980
scotland,48,0.15,0.4,194,3224,203531.57139197015,249,132.11143193617164,30.433789954337897,3300
scotland,48,0.2,0.4,183,2956,205243.35165707328,250,109.5449732109994,31.164383561643838,3514
scotland,48,0.25,0.4,165,2704,214355.90667724432,227,128.67535515949302,32.37442922374429,3653
scotland,48,0.3,0.4,142,2412,219374.1337576863,206,104.78523479882944,33.68721461187214,3714
scotland,48,0.4,0.4,114,2043,225023.06271673212,152,100.79601048973906,35.15981735159817,3881
scotland,72,0.1,0.4,213,3513,197220.63833936508,269,196.7001799776563,29.30365296803653,2980
scotland,72,0.15,0.4,194,3224,203531.57139197015,249,132.11143193617164,30.433789954337897,3300
scotland,72,0.2,0.4,183,2956,205243.35165707328,250,109.5449732109994,31.164383561643838,3514
scotland,72,0.25,0.4,165,2704,214355.90667724432,227,128.67535515949302,32.37442922374429,3653
scotland,72,0.3,0.4,142,2412,219374.1337576863,206,104.78523479882944,33.68721461187214,3714
scotland,72,0.4,0.4,114,2043,225023.06271673212,152,100.79601048973906,35.15981735159817,3881
